{
	"max_depth": 6,
	"node_count": 5728,
	"root_min_x": -5.05100011825562,
	"root_min_y": -10.0594797134399,
	"root_min_z": -5.05100011825562,
	"root_size": 11.8149280548096
}