{
	"max_depth": 7,
	"node_count": 9437,
	"position_x": -50.5189323425293,
	"position_y": -0.449177742004395,
	"position_z": -50.5007133483887,
	"size": 101.0
}
