{
	"max_depth": 6,
	"node_count": 2973,
	"root_min_x": -5.05100011825562,
	"root_min_y": -1.01447987556458,
	"root_min_z": -5.05100011825562,
	"root_size": 10.1020002365112
}